section id,recording id,fixation id,start timestamp [ns],end timestamp [ns],duration [ms],fixation x [px],fixation y [px],azimuth [deg],elevation [deg]
08c2a95b-79d5-4379-928f-172bdbe70563,8deee3c8-ac61-43a0-8b3b-7f17a41179af,1,1731061675524880370,1731061675614030336,89,481.709,628.245,-3.5073571711548635,-7.155343354005706
08c2a95b-79d5-4379-928f-172bdbe70563,8deee3c8-ac61-43a0-8b3b-7f17a41179af,2,1731061675656887370,1731061675874001408,217,485.925,696.293,-3.2211876085897644,-12.294022816851719
08c2a95b-79d5-4379-928f-172bdbe70563,8deee3c8-ac61-43a0-8b3b-7f17a41179af,3,1731061675904927370,1731061676512118272,607,529.141,725.468,0.0930108330732994,-14.50226855204436
08c2a95b-79d5-4379-928f-172bdbe70563,8deee3c8-ac61-43a0-8b3b-7f17a41179af,4,1731061676542784370,1731061677331691264,789,522.815,707.474,-0.3929306741237773,-13.143728130029185
08c2a95b-79d5-4379-928f-172bdbe70563,8deee3c8-ac61-43a0-8b3b-7f17a41179af,5,1731061677798638370,1731061677871739392,73,503.801,565.542,-1.8208212946513218,-2.4197873185554
08c2a95b-79d5-4379-928f-172bdbe70563,8deee3c8-ac61-43a0-8b3b-7f17a41179af,6,1731061678038719370,1731061678127677184,89,498.97,569.988,-2.186414822947122,-2.755655633346336
08c2a95b-79d5-4379-928f-172bdbe70563,8deee3c8-ac61-43a0-8b3b-7f17a41179af,7,1731061678283312370,1731061678568276224,285,489.276,562.931,-2.918615077914433,-2.2218188067567555
08c2a95b-79d5-4379-928f-172bdbe70563,8deee3c8-ac61-43a0-8b3b-7f17a41179af,8,1731061678783286370,1731061678890645248,107,687.531,481.87,12.068340228542764,3.8763361970760006
08c2a95b-79d5-4379-928f-172bdbe70563,8deee3c8-ac61-43a0-8b3b-7f17a41179af,9,1731061679133155370,1731061679386182400,253,461.016,512.177,-5.054219976645402,1.613040651832023
08c2a95b-79d5-4379-928f-172bdbe70563,8deee3c8-ac61-43a0-8b3b-7f17a41179af,10,1731061679525277370,1731061679814080256,289,499.088,487.101,-2.1788394075275312,3.510288777594519
08c2a95b-79d5-4379-928f-172bdbe70563,8deee3c8-ac61-43a0-8b3b-7f17a41179af,11,1731061679929152370,1731061680074081280,145,518.723,560.098,-0.6926601875354444,-2.008537601046256
08c2a95b-79d5-4379-928f-172bdbe70563,8deee3c8-ac61-43a0-8b3b-7f17a41179af,12,1731061680109084370,1731061680242149376,133,519.795,640.136,-0.6163390595176198,-8.057646912778445
08c2a95b-79d5-4379-928f-172bdbe70563,8deee3c8-ac61-43a0-8b3b-7f17a41179af,13,1731061680273098370,1731061680430091264,157,552.461,681.974,1.8772873785060016,-11.215265001464525
08c2a95b-79d5-4379-928f-172bdbe70563,8deee3c8-ac61-43a0-8b3b-7f17a41179af,14,1731061680573198370,1731061680790241280,217,537.141,621.11,0.7012656460880403,-6.61974824046565
08c2a95b-79d5-4379-928f-172bdbe70563,8deee3c8-ac61-43a0-8b3b-7f17a41179af,15,1731061680921050370,1731061681262073344,341,488.09,472.409,-3.0138160351249934,4.620156052945038
08c2a95b-79d5-4379-928f-172bdbe70563,8deee3c8-ac61-43a0-8b3b-7f17a41179af,16,1731061681493052370,1731061681738067200,245,630.06,501.736,7.719153944251687,2.396544516140492
08c2a95b-79d5-4379-928f-172bdbe70563,8deee3c8-ac61-43a0-8b3b-7f17a41179af,17,1731061681765160370,1731061681930227200,165,499.775,509.012,-2.1247489597572,1.853793934961386
08c2a95b-79d5-4379-928f-172bdbe70563,8deee3c8-ac61-43a0-8b3b-7f17a41179af,18,1731061682029065370,1731061682238052352,209,473.008,535.292,-4.146480201534355,-0.13283319722814035
08c2a95b-79d5-4379-928f-172bdbe70563,8deee3c8-ac61-43a0-8b3b-7f17a41179af,19,1731061682285082370,1731061682526096384,241,545.415,477.779,1.3260914525121528,4.2152223900359544
08c2a95b-79d5-4379-928f-172bdbe70563,8deee3c8-ac61-43a0-8b3b-7f17a41179af,20,1731061682681098370,1731061683074071296,393,469.171,519.113,-4.437051826156594,1.0894637722395006
08c2a95b-79d5-4379-928f-172bdbe70563,8deee3c8-ac61-43a0-8b3b-7f17a41179af,21,1731061683093077370,1731061683282302208,189,466.263,494.816,-4.660526989503483,2.924743445212261
08c2a95b-79d5-4379-928f-172bdbe70563,8deee3c8-ac61-43a0-8b3b-7f17a41179af,22,1731061683401168370,1731061685034057216,1633,460.401,497.487,-5.103293180165923,2.722438290131908
08c2a95b-79d5-4379-928f-172bdbe70563,8deee3c8-ac61-43a0-8b3b-7f17a41179af,23,1731061685061087370,1731061685314140416,253,465.031,506.283,-4.7515478039212455,2.0584395746536606
08c2a95b-79d5-4379-928f-172bdbe70563,8deee3c8-ac61-43a0-8b3b-7f17a41179af,24,1731061685341095370,1731061685510084352,169,470.259,474.868,-4.363380509687554,4.432235961692054
08c2a95b-79d5-4379-928f-172bdbe70563,8deee3c8-ac61-43a0-8b3b-7f17a41179af,25,1731061685545058370,1731061686190035200,645,407.165,481.349,-9.137491093207803,3.930434534016997
08c2a95b-79d5-4379-928f-172bdbe70563,8deee3c8-ac61-43a0-8b3b-7f17a41179af,26,1731061686225089370,1731061686526059264,301,487.634,465.483,-3.0500367240662407,5.143603437094147
08c2a95b-79d5-4379-928f-172bdbe70563,8deee3c8-ac61-43a0-8b3b-7f17a41179af,27,1731061686561074370,1731061686678377216,117,490.281,526.865,-2.8413675601181336,0.5039742936698075
08c2a95b-79d5-4379-928f-172bdbe70563,8deee3c8-ac61-43a0-8b3b-7f17a41179af,28,1731061686821059370,1731061687610067200,789,522.58,528.021,-0.40097046139030107,0.4167157406381736
08c2a95b-79d5-4379-928f-172bdbe70563,8deee3c8-ac61-43a0-8b3b-7f17a41179af,29,1731061687649088370,1731061688430072320,781,496.713,490.928,-2.3579929809193017,3.2208500431619265
08c2a95b-79d5-4379-928f-172bdbe70563,8deee3c8-ac61-43a0-8b3b-7f17a41179af,30,1731061688601086370,1731061689382115328,781,540.164,540.997,0.9273778009372571,-0.5643401884011757
08c2a95b-79d5-4379-928f-172bdbe70563,8deee3c8-ac61-43a0-8b3b-7f17a41179af,31,1731061689413107370,1731061690094068224,681,554.995,503.255,2.0485703338349954,2.2887214356193706
08c2a95b-79d5-4379-928f-172bdbe70563,8deee3c8-ac61-43a0-8b3b-7f17a41179af,32,1731061690121210370,1731061690198062336,77,565.862,551.573,2.8686622669016164,-1.363199197006834
08c2a95b-79d5-4379-928f-172bdbe70563,8deee3c8-ac61-43a0-8b3b-7f17a41179af,33,1731061690225075370,1731061690814588416,590,565.541,506.071,2.845254807794225,2.075438787249991
08c2a95b-79d5-4379-928f-172bdbe70563,8deee3c8-ac61-43a0-8b3b-7f17a41179af,34,1731061690841190370,1731061691186065408,345,553.637,474.129,1.9486526028103064,4.490591240038571
08c2a95b-79d5-4379-928f-172bdbe70563,8deee3c8-ac61-43a0-8b3b-7f17a41179af,35,1731061691205167370,1731061692102104320,897,540.467,510.801,0.9504579611147382,1.7186148623387252
08c2a95b-79d5-4379-928f-172bdbe70563,8deee3c8-ac61-43a0-8b3b-7f17a41179af,36,1731061692133511370,1731061692406075392,273,558.028,499.803,2.2780453611681697,2.5495214642510464
08c2a95b-79d5-4379-928f-172bdbe70563,8deee3c8-ac61-43a0-8b3b-7f17a41179af,37,1731061692441066370,1731061692782076416,341,533.853,460.128,0.451493532834405,5.550308621818816
08c2a95b-79d5-4379-928f-172bdbe70563,8deee3c8-ac61-43a0-8b3b-7f17a41179af,38,1731061692813097370,1731061693514125312,701,575.683,535.125,3.6098388123456875,-0.12025054310665895
08c2a95b-79d5-4379-928f-172bdbe70563,8deee3c8-ac61-43a0-8b3b-7f17a41179af,39,1731061693617063370,1731061694526070272,909,591.459,527.788,4.801096826213468,0.43393667166370054
08c2a95b-79d5-4379-928f-172bdbe70563,8deee3c8-ac61-43a0-8b3b-7f17a41179af,40,1731061694561066370,1731061694862080256,301,566.412,475.125,2.9153199561901775,4.414089139120379
08c2a95b-79d5-4379-928f-172bdbe70563,8deee3c8-ac61-43a0-8b3b-7f17a41179af,41,1731061694881097370,1731061695890078208,1009,562.585,486.099,2.6240286011727476,3.585060952292436
08c2a95b-79d5-4379-928f-172bdbe70563,8deee3c8-ac61-43a0-8b3b-7f17a41179af,42,1731061695993065370,1731061697170074368,1177,594.157,510.782,5.006266634830242,1.7178222377034444
08c2a95b-79d5-4379-928f-172bdbe70563,8deee3c8-ac61-43a0-8b3b-7f17a41179af,43,1731061697289079370,1731061697898083328,609,600.918,474.489,5.526051707545477,4.456810280994955
08c2a95b-79d5-4379-928f-172bdbe70563,8deee3c8-ac61-43a0-8b3b-7f17a41179af,44,1731061698289098370,1731061698546081280,257,457.695,516.887,-5.304660236512336,1.2571492360970111
08c2a95b-79d5-4379-928f-172bdbe70563,8deee3c8-ac61-43a0-8b3b-7f17a41179af,45,1731061698889040370,1731061699162076416,273,624.401,476.846,7.30100063615016,4.273687463779731
08c2a95b-79d5-4379-928f-172bdbe70563,8deee3c8-ac61-43a0-8b3b-7f17a41179af,46,1731061699181100370,1731061699510337280,329,556.65,477.361,2.176253437408477,4.246044735443841
08c2a95b-79d5-4379-928f-172bdbe70563,8deee3c8-ac61-43a0-8b3b-7f17a41179af,47,1731061699625080370,1731061699990229248,365,571.002,488.552,3.2601456939893616,3.3989840174970913
08c2a95b-79d5-4379-928f-172bdbe70563,8deee3c8-ac61-43a0-8b3b-7f17a41179af,48,1731061700013040370,1731061700302485248,289,600.733,472.068,5.513013391907916,4.639539748062848
08c2a95b-79d5-4379-928f-172bdbe70563,8deee3c8-ac61-43a0-8b3b-7f17a41179af,49,1731061700341157370,1731061700706079232,365,615.633,385.813,6.7084738606741094,11.141606767059496
08c2a95b-79d5-4379-928f-172bdbe70563,8deee3c8-ac61-43a0-8b3b-7f17a41179af,50,1731061700837185370,1731061701654065408,817,593.078,514.22,4.924354457235449,1.4582895803901894
08c2a95b-79d5-4379-928f-172bdbe70563,8deee3c8-ac61-43a0-8b3b-7f17a41179af,51,1731061701693057370,1731061702166086400,473,595.984,434.458,5.171131290814428,7.479959887820449
08c2a95b-79d5-4379-928f-172bdbe70563,8deee3c8-ac61-43a0-8b3b-7f17a41179af,52,1731061702341080370,1731061702482056192,141,370.939,420.396,-11.951004072082267,8.496378141858614
08c2a95b-79d5-4379-928f-172bdbe70563,8deee3c8-ac61-43a0-8b3b-7f17a41179af,53,1731061702529076370,1731061702802276352,273,305.618,468.435,-16.842303414494523,4.855638154435873
08c2a95b-79d5-4379-928f-172bdbe70563,8deee3c8-ac61-43a0-8b3b-7f17a41179af,54,1731061702965103370,1731061703854046208,889,599.495,541.183,5.407757241585767,-0.5772044535858772
08c2a95b-79d5-4379-928f-172bdbe70563,8deee3c8-ac61-43a0-8b3b-7f17a41179af,55,1731061703953088370,1731061704286087424,333,532.367,494.776,0.3385483933847947,2.9304865764735353
08c2a95b-79d5-4379-928f-172bdbe70563,8deee3c8-ac61-43a0-8b3b-7f17a41179af,56,1731061704321075370,1731061704742046208,421,544.18,432.864,1.2370244885185686,7.611126371247176
08c2a95b-79d5-4379-928f-172bdbe70563,8deee3c8-ac61-43a0-8b3b-7f17a41179af,57,1731061704849054370,1731061705678097408,829,609.642,533.838,6.173554661555888,-0.02273097093433163
08c2a95b-79d5-4379-928f-172bdbe70563,8deee3c8-ac61-43a0-8b3b-7f17a41179af,58,1731061705773080370,1731061706186055424,413,575.386,500.44,3.589723263495156,2.5003407124591903
08c2a95b-79d5-4379-928f-172bdbe70563,8deee3c8-ac61-43a0-8b3b-7f17a41179af,59,1731061706609068370,1731061706754076416,145,505.213,870.583,-1.8478856931526657,-25.464027241833794
08c2a95b-79d5-4379-928f-172bdbe70563,8deee3c8-ac61-43a0-8b3b-7f17a41179af,60,1731061706781060370,1731061706982099200,201,502.675,874.997,-2.057636217796245,-25.79743144922151
08c2a95b-79d5-4379-928f-172bdbe70563,8deee3c8-ac61-43a0-8b3b-7f17a41179af,61,1731061707093064370,1731061708762078208,1669,469.322,516.879,-4.425862450465818,1.258239123252989
08c2a95b-79d5-4379-928f-172bdbe70563,8deee3c8-ac61-43a0-8b3b-7f17a41179af,62,1731061708813121370,1731061709826071296,1013,343.87,447.128,-13.96882336477284,6.47230575205654
08c2a95b-79d5-4379-928f-172bdbe70563,8deee3c8-ac61-43a0-8b3b-7f17a41179af,63,1731061709865114370,1731061711042061312,1177,434.392,449.349,-7.094759348617627,6.350634919382625
08c2a95b-79d5-4379-928f-172bdbe70563,8deee3c8-ac61-43a0-8b3b-7f17a41179af,64,1731061711085102370,1731061712166044416,1081,535.27,441.032,0.5595942790867916,6.9941963105162674
08c2a95b-79d5-4379-928f-172bdbe70563,8deee3c8-ac61-43a0-8b3b-7f17a41179af,65,1731061712221066370,1731061713358063360,1137,336.268,536.007,-14.48176535631811,-0.18339806070745332
08c2a95b-79d5-4379-928f-172bdbe70563,8deee3c8-ac61-43a0-8b3b-7f17a41179af,66,1731061713401089370,1731061714434087424,1033,437.046,514.778,-6.865748041464394,1.4152416482362156
08c2a95b-79d5-4379-928f-172bdbe70563,8deee3c8-ac61-43a0-8b3b-7f17a41179af,67,1731061714477083370,1731061715506029312,1029,535.434,514.697,0.570166064080083,1.424108580356548
08c2a95b-79d5-4379-928f-172bdbe70563,8deee3c8-ac61-43a0-8b3b-7f17a41179af,68,1731061715581059370,1731061716614061312,1033,354.713,599.974,-13.119532094217844,-4.97861579714316
08c2a95b-79d5-4379-928f-172bdbe70563,8deee3c8-ac61-43a0-8b3b-7f17a41179af,69,1731061716653174370,1731061717374046208,721,442.341,589.9,-6.475582595182149,-4.25250636896017
08c2a95b-79d5-4379-928f-172bdbe70563,8deee3c8-ac61-43a0-8b3b-7f17a41179af,70,1731061717413195370,1731061718662083328,1249,540.883,579.202,0.9825337518071426,-3.4524407413573797
08c2a95b-79d5-4379-928f-172bdbe70563,8deee3c8-ac61-43a0-8b3b-7f17a41179af,71,1731061718701164370,1731061720010087424,1309,442.188,509.583,-6.477880790451594,1.8075744946158083
08c2a95b-79d5-4379-928f-172bdbe70563,8deee3c8-ac61-43a0-8b3b-7f17a41179af,72,1731061720045136370,1731061720494069248,449,620.894,521.693,7.0234536321298595,0.8930424128559981
08c2a95b-79d5-4379-928f-172bdbe70563,8deee3c8-ac61-43a0-8b3b-7f17a41179af,73,1731061720693238370,1731061721054072320,361,319.621,535.863,-15.740563640788324,-0.17202420853846467
08c2a95b-79d5-4379-928f-172bdbe70563,8deee3c8-ac61-43a0-8b3b-7f17a41179af,74,1731061721309077370,1731061721642100224,333,686.86,509.054,12.003304686638732,1.837354358652725
08c2a95b-79d5-4379-928f-172bdbe70563,8deee3c8-ac61-43a0-8b3b-7f17a41179af,75,1731061721925357370,1731061722286089216,361,372.658,519.618,-11.732210168193106,1.046048049343413
08c2a95b-79d5-4379-928f-172bdbe70563,8deee3c8-ac61-43a0-8b3b-7f17a41179af,76,1731061722373070370,1731061723686077184,1313,550.409,550.83,1.701404320194239,-1.3075743587631916
08c2a95b-79d5-4379-928f-172bdbe70563,8deee3c8-ac61-43a0-8b3b-7f17a41179af,77,1731061723797089370,1731061724198138368,401,508.607,471.674,-1.4602698539304535,4.677116455151672
08c2a95b-79d5-4379-928f-172bdbe70563,8deee3c8-ac61-43a0-8b3b-7f17a41179af,78,1731061724237092370,1731061724738061312,501,504.508,638.798,-1.7783801637025236,-7.9556909433296
08c2a95b-79d5-4379-928f-172bdbe70563,8deee3c8-ac61-43a0-8b3b-7f17a41179af,79,1731061724765105370,1731061725330101248,565,497.147,463.646,-2.3296032622357057,5.283403853455919
08c2a95b-79d5-4379-928f-172bdbe70563,8deee3c8-ac61-43a0-8b3b-7f17a41179af,80,1731061725349058370,1731061725894078208,545,505.209,635.495,-1.7243872034561907,-7.706244130439407
08c2a95b-79d5-4379-928f-172bdbe70563,8deee3c8-ac61-43a0-8b3b-7f17a41179af,81,1731061725965078370,1731061726570120192,605,501.897,494.664,-1.965519270397613,2.9385814648047295
08c2a95b-79d5-4379-928f-172bdbe70563,8deee3c8-ac61-43a0-8b3b-7f17a41179af,82,1731061726721082370,1731061732918037248,6197,480.413,501.034,-3.589348225174478,2.4559899887856784
08c2a95b-79d5-4379-928f-172bdbe70563,8deee3c8-ac61-43a0-8b3b-7f17a41179af,83,1731061732965132370,1731061733110090240,145,615.893,512.893,6.64712888615463,1.556950364402364
08c2a95b-79d5-4379-928f-172bdbe70563,8deee3c8-ac61-43a0-8b3b-7f17a41179af,84,1731061733149065370,1731061734102068224,953,475.895,513.812,-3.929359652671099,1.4901836081865387
08c2a95b-79d5-4379-928f-172bdbe70563,8deee3c8-ac61-43a0-8b3b-7f17a41179af,85,1731061734145113370,1731061734302053376,157,382.564,524.512,-10.98255899812988,0.6789585875595252
08c2a95b-79d5-4379-928f-172bdbe70563,8deee3c8-ac61-43a0-8b3b-7f17a41179af,86,1731061734341052370,1731061735318077184,977,471.1,511.385,-4.2920647017737235,1.6733308943855991
08c2a95b-79d5-4379-928f-172bdbe70563,8deee3c8-ac61-43a0-8b3b-7f17a41179af,87,1731061735365069370,1731061735530181376,165,626.191,510.748,7.424916856420778,1.717776978414373
08c2a95b-79d5-4379-928f-172bdbe70563,8deee3c8-ac61-43a0-8b3b-7f17a41179af,88,1731061735573092370,1731061736146090240,573,493.761,507.317,-2.5794959423735366,1.9817236577873683
08c2a95b-79d5-4379-928f-172bdbe70563,8deee3c8-ac61-43a0-8b3b-7f17a41179af,89,1731061736465097370,1731061737650090240,1185,621.451,499.436,7.069717527751455,2.571162746423381
08c2a95b-79d5-4379-928f-172bdbe70563,8deee3c8-ac61-43a0-8b3b-7f17a41179af,90,1731061738013137370,1731061738982085376,969,427.496,511.016,-7.588322013845226,1.698221957742681
08c2a95b-79d5-4379-928f-172bdbe70563,8deee3c8-ac61-43a0-8b3b-7f17a41179af,91,1731061739305047370,1731061740310160384,1005,589.805,483.677,4.682769953297486,3.764983589162073
08c2a95b-79d5-4379-928f-172bdbe70563,8deee3c8-ac61-43a0-8b3b-7f17a41179af,92,1731061740681181370,1731061741590065408,909,440.715,496.559,-6.592421231274724,2.79026162512336
08c2a95b-79d5-4379-928f-172bdbe70563,8deee3c8-ac61-43a0-8b3b-7f17a41179af,93,1731061741873059370,1731061742242099200,369,662.978,496.403,10.206220179175814,2.792046227971489
08c2a95b-79d5-4379-928f-172bdbe70563,8deee3c8-ac61-43a0-8b3b-7f17a41179af,94,1731061742533061370,1731061742626122240,93,446.882,516.332,-6.122005103801209,1.2985572302186006
08c2a95b-79d5-4379-928f-172bdbe70563,8deee3c8-ac61-43a0-8b3b-7f17a41179af,95,1731061742861084370,1731061743118051328,257,722.22,488.513,14.682170292220276,3.366070733456826
08c2a95b-79d5-4379-928f-172bdbe70563,8deee3c8-ac61-43a0-8b3b-7f17a41179af,96,1731061743393088370,1731061744118048256,725,450.069,490.205,-5.886727798488252,3.2711117380574377
08c2a95b-79d5-4379-928f-172bdbe70563,8deee3c8-ac61-43a0-8b3b-7f17a41179af,97,1731061744401074370,1731061744806139392,405,694.729,490.163,12.606157526050742,3.252027514199666
08c2a95b-79d5-4379-928f-172bdbe70563,8deee3c8-ac61-43a0-8b3b-7f17a41179af,98,1731061745089117370,1731061748894081280,3805,464.806,474.853,-4.776289507949,4.432587489482231
08c2a95b-79d5-4379-928f-172bdbe70563,8deee3c8-ac61-43a0-8b3b-7f17a41179af,99,1731061749133099370,1731061749262115328,129,820.911,512.791,22.109174265418588,1.5322798556246886
08c2a95b-79d5-4379-928f-172bdbe70563,8deee3c8-ac61-43a0-8b3b-7f17a41179af,100,1731061749505304370,1731061750126087424,621,489.838,483.343,-2.8793389049821947,3.793829609516175
08c2a95b-79d5-4379-928f-172bdbe70563,8deee3c8-ac61-43a0-8b3b-7f17a41179af,101,1731061750169244370,1731061750394048256,225,459.699,449.62,-5.174208261605222,6.337437657006461
08c2a95b-79d5-4379-928f-172bdbe70563,8deee3c8-ac61-43a0-8b3b-7f17a41179af,102,1731061750433242370,1731061750582088192,149,358.869,422.193,-12.86724294460666,8.352139360096853
08c2a95b-79d5-4379-928f-172bdbe70563,8deee3c8-ac61-43a0-8b3b-7f17a41179af,103,1731061750633188370,1731061750850092288,217,502.318,493.614,-1.9337858455318357,3.018003128527278
08c2a95b-79d5-4379-928f-172bdbe70563,8deee3c8-ac61-43a0-8b3b-7f17a41179af,104,1731061750897075370,1731061751078082304,181,329.961,480.975,-14.983554172664862,3.9317296647558786
08c2a95b-79d5-4379-928f-172bdbe70563,8deee3c8-ac61-43a0-8b3b-7f17a41179af,105,1731061751133115370,1731061751438055424,305,511.716,528.607,-1.22176326949654,0.3723879590649556
08c2a95b-79d5-4379-928f-172bdbe70563,8deee3c8-ac61-43a0-8b3b-7f17a41179af,106,1731061751489066370,1731061751866169344,377,621.099,544.023,7.0385807818405075,-0.7905463853864219
08c2a95b-79d5-4379-928f-172bdbe70563,8deee3c8-ac61-43a0-8b3b-7f17a41179af,107,1731061751905095370,1731061752050097408,145,684.964,506.952,11.861053569025994,1.9953244231250022
08c2a95b-79d5-4379-928f-172bdbe70563,8deee3c8-ac61-43a0-8b3b-7f17a41179af,108,1731061752105085370,1731061752426141184,321,506.897,497.763,-1.5871933371998097,2.7044298608553206
08c2a95b-79d5-4379-928f-172bdbe70563,8deee3c8-ac61-43a0-8b3b-7f17a41179af,109,1731061752461082370,1731061752786095360,325,505.529,491.887,-1.6910852699390948,3.1487048419856305
08c2a95b-79d5-4379-928f-172bdbe70563,8deee3c8-ac61-43a0-8b3b-7f17a41179af,110,1731061752841074370,1731061752986091264,145,531.921,366.838,0.3069356532535904,12.6040391087891
08c2a95b-79d5-4379-928f-172bdbe70563,8deee3c8-ac61-43a0-8b3b-7f17a41179af,111,1731061753033114370,1731061753210203392,177,377.825,392.125,-11.475600574315575,10.625531075721781
08c2a95b-79d5-4379-928f-172bdbe70563,8deee3c8-ac61-43a0-8b3b-7f17a41179af,112,1731061753261218370,1731061753522069248,261,497.767,458.362,-2.283755305392394,5.682877706410105
08c2a95b-79d5-4379-928f-172bdbe70563,8deee3c8-ac61-43a0-8b3b-7f17a41179af,113,1731061753561065370,1731061754066067200,505,586.989,490.562,4.468224894203168,3.24539784523039
08c2a95b-79d5-4379-928f-172bdbe70563,8deee3c8-ac61-43a0-8b3b-7f17a41179af,114,1731061754109058370,1731061754222086400,113,664.007,499.061,10.282764054773983,2.591975208219976
08c2a95b-79d5-4379-928f-172bdbe70563,8deee3c8-ac61-43a0-8b3b-7f17a41179af,115,1731061754273095370,1731061754522074368,249,482.661,498.984,-3.4196860771282562,2.611080145422732
08c2a95b-79d5-4379-928f-172bdbe70563,8deee3c8-ac61-43a0-8b3b-7f17a41179af,116,1731061754573057370,1731061754762096384,189,371.045,465.106,-11.885785262540983,5.139167757118332
08c2a95b-79d5-4379-928f-172bdbe70563,8deee3c8-ac61-43a0-8b3b-7f17a41179af,117,1731061754805059370,1731061754922076416,117,337.954,412.148,-14.480116556923804,9.086265289030333
08c2a95b-79d5-4379-928f-172bdbe70563,8deee3c8-ac61-43a0-8b3b-7f17a41179af,118,1731061754993098370,1731061755326166272,333,623.954,441.894,7.288553386870606,6.908764371052021
08c2a95b-79d5-4379-928f-172bdbe70563,8deee3c8-ac61-43a0-8b3b-7f17a41179af,119,1731061755361065370,1731061755638074368,277,562.941,485.631,2.651033996381717,3.6204215862848264
08c2a95b-79d5-4379-928f-172bdbe70563,8deee3c8-ac61-43a0-8b3b-7f17a41179af,120,1731061755685082370,1731061755830090240,145,660.285,504.393,9.999850650043808,2.1918000790800103
08c2a95b-79d5-4379-928f-172bdbe70563,8deee3c8-ac61-43a0-8b3b-7f17a41179af,121,1731061756141065370,1731061757422026240,1281,600.684,475.791,5.507929951467683,4.358524024151477
08c2a95b-79d5-4379-928f-172bdbe70563,8deee3c8-ac61-43a0-8b3b-7f17a41179af,122,1731061757733072370,1731061758258079232,525,444.943,489.016,-6.274936037181173,3.3600829345189482
08c2a95b-79d5-4379-928f-172bdbe70563,8deee3c8-ac61-43a0-8b3b-7f17a41179af,123,1731061758293069370,1731061758542070272,249,451.401,488.6,-5.786463319193654,3.3924154515977354
08c2a95b-79d5-4379-928f-172bdbe70563,8deee3c8-ac61-43a0-8b3b-7f17a41179af,124,1731061758593123370,1731061758882061312,289,581.012,512.664,4.013275583874884,1.5764896149300334
08c2a95b-79d5-4379-928f-172bdbe70563,8deee3c8-ac61-43a0-8b3b-7f17a41179af,125,1731061758917077370,1731061759478066432,561,524.892,553.604,-0.226393766104466,-1.517579102649516
08c2a95b-79d5-4379-928f-172bdbe70563,8deee3c8-ac61-43a0-8b3b-7f17a41179af,126,1731061759513105370,1731061759698057216,185,530.919,500.117,0.2290557902804771,2.5266008358484333
08c2a95b-79d5-4379-928f-172bdbe70563,8deee3c8-ac61-43a0-8b3b-7f17a41179af,127,1731061759745367370,1731061760162068224,417,436.892,503.037,-6.879800207153448,2.301002761359757
08c2a95b-79d5-4379-928f-172bdbe70563,8deee3c8-ac61-43a0-8b3b-7f17a41179af,128,1731061760209101370,1731061760362060288,153,586.415,499.794,4.423097410179801,2.5482304404505585
08c2a95b-79d5-4379-928f-172bdbe70563,8deee3c8-ac61-43a0-8b3b-7f17a41179af,129,1731061760633071370,1731061761230063360,597,688.374,498.7,12.121830003019499,2.613649219495808
08c2a95b-79d5-4379-928f-172bdbe70563,8deee3c8-ac61-43a0-8b3b-7f17a41179af,130,1731061761601050370,1731061762134148352,533,458.958,513.106,-5.209662607777912,1.5427444254332625
08c2a95b-79d5-4379-928f-172bdbe70563,8deee3c8-ac61-43a0-8b3b-7f17a41179af,131,1731061762165054370,1731061762410052352,245,439.314,503.881,-6.696434997601903,2.237550726293066
08c2a95b-79d5-4379-928f-172bdbe70563,8deee3c8-ac61-43a0-8b3b-7f17a41179af,132,1731061762453051370,1731061762610063360,157,328.295,522.799,-15.085806790268602,0.8042046316128135
08c2a95b-79d5-4379-928f-172bdbe70563,8deee3c8-ac61-43a0-8b3b-7f17a41179af,133,1731061762657072370,1731061762854094336,197,524.048,540.911,-0.29007157364766223,-0.5579130919942444
08c2a95b-79d5-4379-928f-172bdbe70563,8deee3c8-ac61-43a0-8b3b-7f17a41179af,134,1731061762909053370,1731061763106045184,197,711.312,530.985,13.842523483924824,0.1921829159905784
08c2a95b-79d5-4379-928f-172bdbe70563,8deee3c8-ac61-43a0-8b3b-7f17a41179af,135,1731061763145109370,1731061763786036224,641,565.755,505.178,2.8614507872866017,2.142876072121194
08c2a95b-79d5-4379-928f-172bdbe70563,8deee3c8-ac61-43a0-8b3b-7f17a41179af,136,1731061763821055370,1731061764006099200,185,476.076,517.968,-3.9153259822636772,1.1761578213560697
08c2a95b-79d5-4379-928f-172bdbe70563,8deee3c8-ac61-43a0-8b3b-7f17a41179af,137,1731061764049062370,1731061764250119424,201,622.549,529.922,7.1477948422694455,0.27259454852910736
08c2a95b-79d5-4379-928f-172bdbe70563,8deee3c8-ac61-43a0-8b3b-7f17a41179af,138,1731061764421098370,1731061764630054400,209,467.965,510.272,-4.52912578957551,1.7572660838103344
08c2a95b-79d5-4379-928f-172bdbe70563,8deee3c8-ac61-43a0-8b3b-7f17a41179af,139,1731061764665178370,1731061764990188288,325,474.646,504.707,-4.024805229033431,2.1781016680716325
08c2a95b-79d5-4379-928f-172bdbe70563,8deee3c8-ac61-43a0-8b3b-7f17a41179af,140,1731061765133050370,1731061769702132224,4569,495.426,503.578,-2.4539835917119186,2.2644409041776505
08c2a95b-79d5-4379-928f-172bdbe70563,8deee3c8-ac61-43a0-8b3b-7f17a41179af,141,1731061769957082370,1731061770586072320,629,785.369,503.859,19.43427121012503,2.201890291135071
08c2a95b-79d5-4379-928f-172bdbe70563,8deee3c8-ac61-43a0-8b3b-7f17a41179af,142,1731061770901068370,1731061771390082304,489,493.339,496.843,-2.612494546499551,2.773497621228781
08c2a95b-79d5-4379-928f-172bdbe70563,8deee3c8-ac61-43a0-8b3b-7f17a41179af,143,1731061771421069370,1731061771574083328,153,468.653,467.271,-4.4875476674542805,5.005945434729705
08c2a95b-79d5-4379-928f-172bdbe70563,8deee3c8-ac61-43a0-8b3b-7f17a41179af,144,1731061771621204370,1731061771862209280,241,355.402,452.511,-13.08613117574148,6.0761873155578705
08c2a95b-79d5-4379-928f-172bdbe70563,8deee3c8-ac61-43a0-8b3b-7f17a41179af,145,1731061771917068370,1731061772066095360,149,345.618,365.237,-14.008854352831989,12.607343213500542
08c2a95b-79d5-4379-928f-172bdbe70563,8deee3c8-ac61-43a0-8b3b-7f17a41179af,146,1731061772121048370,1731061772370086400,249,530.629,480.605,0.20717059411671693,4.002065754574197
08c2a95b-79d5-4379-928f-172bdbe70563,8deee3c8-ac61-43a0-8b3b-7f17a41179af,147,1731061772425262370,1731061772670153216,245,636.118,507.854,8.174896193818252,1.9347517704027353
08c2a95b-79d5-4379-928f-172bdbe70563,8deee3c8-ac61-43a0-8b3b-7f17a41179af,148,1731061772721208370,1731061772902069248,181,755.543,485.936,17.199026430768477,3.544355523887866
08c2a95b-79d5-4379-928f-172bdbe70563,8deee3c8-ac61-43a0-8b3b-7f17a41179af,149,1731061772961063370,1731061773142081280,181,705.924,393.312,13.589131932933268,10.499406742029528
08c2a95b-79d5-4379-928f-172bdbe70563,8deee3c8-ac61-43a0-8b3b-7f17a41179af,150,1731061773193027370,1731061773402068224,209,541.013,362.635,1.0056485830469115,12.920937938877758
08c2a95b-79d5-4379-928f-172bdbe70563,8deee3c8-ac61-43a0-8b3b-7f17a41179af,151,1731061773453083370,1731061773810223360,357,555.347,553.346,2.0744618360876927,-1.497611764800252
08c2a95b-79d5-4379-928f-172bdbe70563,8deee3c8-ac61-43a0-8b3b-7f17a41179af,152,1731061773849120370,1731061774430124288,581,528.451,475.452,0.042286420515374186,4.391697817743979
08c2a95b-79d5-4379-928f-172bdbe70563,8deee3c8-ac61-43a0-8b3b-7f17a41179af,153,1731061774469315370,1731061774806084352,337,446.689,475.341,-6.14801871235289,4.392532075659842
08c2a95b-79d5-4379-928f-172bdbe70563,8deee3c8-ac61-43a0-8b3b-7f17a41179af,154,1731061774841102370,1731061775090069248,249,512.792,508.726,-1.1409121086867653,1.8756451772451663
08c2a95b-79d5-4379-928f-172bdbe70563,8deee3c8-ac61-43a0-8b3b-7f17a41179af,155,1731061775129090370,1731061775346048256,217,366.308,506.015,-12.216455463399317,2.066493234479943
08c2a95b-79d5-4379-928f-172bdbe70563,8deee3c8-ac61-43a0-8b3b-7f17a41179af,156,1731061775409062370,1731061775610129408,201,554.332,407.148,2.0146121699810373,9.553797195350679
08c2a95b-79d5-4379-928f-172bdbe70563,8deee3c8-ac61-43a0-8b3b-7f17a41179af,157,1731061775649065370,1731061775902127360,253,552.102,521.805,1.8291580413304984,0.8865151498396526
08c2a95b-79d5-4379-928f-172bdbe70563,8deee3c8-ac61-43a0-8b3b-7f17a41179af,158,1731061775945233370,1731061776142068224,197,494.835,428.521,-2.5143711003974425,7.938480688911398
08c2a95b-79d5-4379-928f-172bdbe70563,8deee3c8-ac61-43a0-8b3b-7f17a41179af,159,1731061776193065370,1731061776510136320,317,343.294,395.946,-14.107970103724517,10.30467036642906
08c2a95b-79d5-4379-928f-172bdbe70563,8deee3c8-ac61-43a0-8b3b-7f17a41179af,160,1731061776573040370,1731061776754046208,181,565.853,424.876,2.886202063462504,8.211705695009794
08c2a95b-79d5-4379-928f-172bdbe70563,8deee3c8-ac61-43a0-8b3b-7f17a41179af,161,1731061776809053370,1731061777122061312,313,731.607,508.478,15.378048593036482,1.8720688447783198
08c2a95b-79d5-4379-928f-172bdbe70563,8deee3c8-ac61-43a0-8b3b-7f17a41179af,162,1731061777141101370,1731061777318054400,177,760.179,537.44,17.52549629541331,-0.2880008364912499
08c2a95b-79d5-4379-928f-172bdbe70563,8deee3c8-ac61-43a0-8b3b-7f17a41179af,163,1731061777353155370,1731061777734086400,381,727.414,602.696,15.095270103633466,-5.162262562761885
08c2a95b-79d5-4379-928f-172bdbe70563,8deee3c8-ac61-43a0-8b3b-7f17a41179af,164,1731061777793057370,1731061777922060288,129,506.465,613.618,-1.624872869282378,-6.053372910193524
08c2a95b-79d5-4379-928f-172bdbe70563,8deee3c8-ac61-43a0-8b3b-7f17a41179af,165,1731061777973059370,1731061778366099200,393,486.886,488.45,-3.10179435446425,3.4075630108886914
08c2a95b-79d5-4379-928f-172bdbe70563,8deee3c8-ac61-43a0-8b3b-7f17a41179af,166,1731061778809085370,1731061779214065408,405,665.796,491.453,10.421282188681374,3.1633953964837698
08c2a95b-79d5-4379-928f-172bdbe70563,8deee3c8-ac61-43a0-8b3b-7f17a41179af,167,1731061779245162370,1731061779426232320,181,581.521,540.555,4.05077398184174,-0.530301786535333
08c2a95b-79d5-4379-928f-172bdbe70563,8deee3c8-ac61-43a0-8b3b-7f17a41179af,168,1731061779461110370,1731061779906065408,445,580.453,477.039,3.9772160530512357,4.267695263862426
08c2a95b-79d5-4379-928f-172bdbe70563,8deee3c8-ac61-43a0-8b3b-7f17a41179af,169,1731061779933055370,1731061780290594304,358,563.422,496.855,2.686017360870568,2.7720758754211037
08c2a95b-79d5-4379-928f-172bdbe70563,8deee3c8-ac61-43a0-8b3b-7f17a41179af,170,1731061780641138370,1731061780762160384,121,453.227,506.936,-5.643866875689906,2.008247006572201
08c2a95b-79d5-4379-928f-172bdbe70563,8deee3c8-ac61-43a0-8b3b-7f17a41179af,171,1731061780801083370,1731061781022075392,221,416.089,536.585,-8.448027645909672,-0.22946348760926039
08c2a95b-79d5-4379-928f-172bdbe70563,8deee3c8-ac61-43a0-8b3b-7f17a41179af,172,1731061781061084370,1731061781310063360,249,520.371,516.239,-0.5680360022732546,1.3075519227163985
08c2a95b-79d5-4379-928f-172bdbe70563,8deee3c8-ac61-43a0-8b3b-7f17a41179af,173,1731061781337150370,1731061781774108416,437,542.874,510.296,1.132377945219927,1.7567825994648556
08c2a95b-79d5-4379-928f-172bdbe70563,8deee3c8-ac61-43a0-8b3b-7f17a41179af,174,1731061781813094370,1731061782394233344,581,614.592,463.846,6.565419083688308,5.256621636293425
08c2a95b-79d5-4379-928f-172bdbe70563,8deee3c8-ac61-43a0-8b3b-7f17a41179af,175,1731061782445088370,1731061784802080256,2357,485.483,499.486,-3.206215863872314,2.5733341459776207
08c2a95b-79d5-4379-928f-172bdbe70563,8deee3c8-ac61-43a0-8b3b-7f17a41179af,176,1731061784829057370,1731061785010075392,181,513.199,498.113,-1.1106810936489164,2.678118807461411
08c2a95b-79d5-4379-928f-172bdbe70563,8deee3c8-ac61-43a0-8b3b-7f17a41179af,177,1731061785049042370,1731061785698079232,649,537.321,586.281,0.7133966142344322,-3.9875774792388476
08c2a95b-79d5-4379-928f-172bdbe70563,8deee3c8-ac61-43a0-8b3b-7f17a41179af,178,1731061786133086370,1731061786378107392,245,531.359,492.001,0.2623525359782294,3.1403168355059887
08c2a95b-79d5-4379-928f-172bdbe70563,8deee3c8-ac61-43a0-8b3b-7f17a41179af,179,1731061786401079370,1731061788546080256,2145,499.393,480.513,-2.156621686278414,4.008334170556464
08c2a95b-79d5-4379-928f-172bdbe70563,8deee3c8-ac61-43a0-8b3b-7f17a41179af,180,1731061788573102370,1731061789154186240,581,551.745,479.577,1.8048804478406593,4.07890217143561
08c2a95b-79d5-4379-928f-172bdbe70563,8deee3c8-ac61-43a0-8b3b-7f17a41179af,181,1731061789193070370,1731061789586067200,393,468.238,498.686,-4.5103440167005315,2.6325383531951005
08c2a95b-79d5-4379-928f-172bdbe70563,8deee3c8-ac61-43a0-8b3b-7f17a41179af,182,1731061789949210370,1731061790034080256,85,385.997,575.273,-10.732672173443152,-3.1368363865231834
08c2a95b-79d5-4379-928f-172bdbe70563,8deee3c8-ac61-43a0-8b3b-7f17a41179af,183,1731061790061072370,1731061790210065408,149,486.728,563.292,-3.1113132132206185,-2.2489872624617915
08c2a95b-79d5-4379-928f-172bdbe70563,8deee3c8-ac61-43a0-8b3b-7f17a41179af,184,1731061790469054370,1731061791986065408,1517,473.001,850.82,-4.416210180522692,-23.952579875013562
08c2a95b-79d5-4379-928f-172bdbe70563,8deee3c8-ac61-43a0-8b3b-7f17a41179af,185,1731061792013113370,1731061792354163200,341,471.82,864.337,-4.537622066503156,-24.973644688894815
08c2a95b-79d5-4379-928f-172bdbe70563,8deee3c8-ac61-43a0-8b3b-7f17a41179af,186,1731061792381214370,1731061792854156288,473,475.396,804.698,-4.149278667782344,-20.470679444257332
08c2a95b-79d5-4379-928f-172bdbe70563,8deee3c8-ac61-43a0-8b3b-7f17a41179af,187,1731061793045167370,1731061793214081280,169,491.108,855.393,-2.9688288985820668,-24.309300952918615
08c2a95b-79d5-4379-928f-172bdbe70563,8deee3c8-ac61-43a0-8b3b-7f17a41179af,188,1731061793253076370,1731061793646134272,393,448.811,881.437,-6.4451616749858065,-26.244160365976754
08c2a95b-79d5-4379-928f-172bdbe70563,8deee3c8-ac61-43a0-8b3b-7f17a41179af,189,1731061793677604370,1731061793994624256,317,519.789,850.065,-0.660916991421914,-23.913955027777938
08c2a95b-79d5-4379-928f-172bdbe70563,8deee3c8-ac61-43a0-8b3b-7f17a41179af,190,1731061794025663370,1731061794626634240,601,489.118,790.861,-3.0519652559886965,-19.432984520370276
08c2a95b-79d5-4379-928f-172bdbe70563,8deee3c8-ac61-43a0-8b3b-7f17a41179af,191,1731061794669681370,1731061794862684416,193,507.486,849.745,-1.6476487593009554,-23.887996469938702
08c2a95b-79d5-4379-928f-172bdbe70563,8deee3c8-ac61-43a0-8b3b-7f17a41179af,192,1731061794909607370,1731061795234602240,325,502.038,902.369,-2.139242811351598,-27.8713575499437
08c2a95b-79d5-4379-928f-172bdbe70563,8deee3c8-ac61-43a0-8b3b-7f17a41179af,193,1731061795277658370,1731061795506664192,229,497.385,847.339,-2.4554067782695066,-23.70292102764917
