section id,recording id,saccade id,start timestamp [ns],end timestamp [ns],duration [ms],amplitude [px],amplitude [deg],mean velocity [px/s],peak velocity [px/s]
08c2a95b-79d5-4379-928f-172bdbe70563,8deee3c8-ac61-43a0-8b3b-7f17a41179af,1,1731061675616913370,1731061675656887370,40,55.69511007237902,4.206344158396578,1510.0841572459449,1948.5626543045646
08c2a95b-79d5-4379-928f-172bdbe70563,8deee3c8-ac61-43a0-8b3b-7f17a41179af,2,1731061675876928370,1731061675904927370,28,49.941303195361456,3.7470193578183717,1784.3416154841489,2317.024287913607
08c2a95b-79d5-4379-928f-172bdbe70563,8deee3c8-ac61-43a0-8b3b-7f17a41179af,3,1731061676510939370,1731061676542784370,32,42.51181400233452,3.1801550527782316,1476.9612619437873,1956.9387908065967
08c2a95b-79d5-4379-928f-172bdbe70563,8deee3c8-ac61-43a0-8b3b-7f17a41179af,4,1731061677330627370,1731061677798638370,468,152.6750624895345,11.534993289145527,2192.0780140052143,5117.956821291202
08c2a95b-79d5-4379-928f-172bdbe70563,8deee3c8-ac61-43a0-8b3b-7f17a41179af,5,1731061677874890370,1731061678038719370,164,21.996136605386713,1.6631098452015445,3329.443411552007,7030.833988066184
08c2a95b-79d5-4379-928f-172bdbe70563,8deee3c8-ac61-43a0-8b3b-7f17a41179af,6,1731061678126664370,1731061678283312370,157,14.242476697003852,1.0753905096135612,2892.513660860403,5864.4862789222725
08c2a95b-79d5-4379-928f-172bdbe70563,8deee3c8-ac61-43a0-8b3b-7f17a41179af,7,1731061678567409370,1731061678783286370,216,244.4031505446463,18.449901986330612,3387.917608759945,7147.9465027549495
08c2a95b-79d5-4379-928f-172bdbe70563,8deee3c8-ac61-43a0-8b3b-7f17a41179af,8,1731061678889152370,1731061679133155370,244,246.34150295186723,18.593314044663146,2815.2911901689827,6726.297075941222
08c2a95b-79d5-4379-928f-172bdbe70563,8deee3c8-ac61-43a0-8b3b-7f17a41179af,9,1731061679385128370,1731061679525277370,140,30.781813125777838,2.3251929216329232,2045.7486813323158,4293.095554298037
08c2a95b-79d5-4379-928f-172bdbe70563,8deee3c8-ac61-43a0-8b3b-7f17a41179af,10,1731061679817101370,1731061679929152370,112,55.28633285918835,4.177586707363705,3157.213341854312,6024.930419245576
08c2a95b-79d5-4379-928f-172bdbe70563,8deee3c8-ac61-43a0-8b3b-7f17a41179af,11,1731061680077113370,1731061680109084370,32,36.082617780399154,2.72716505530562,1060.3234324157738,1257.742973138395
08c2a95b-79d5-4379-928f-172bdbe70563,8deee3c8-ac61-43a0-8b3b-7f17a41179af,12,1731061680241194370,1731061680273098370,32,82.96518752186873,6.2565029641584164,2436.611163579341,3296.748003724127
08c2a95b-79d5-4379-928f-172bdbe70563,8deee3c8-ac61-43a0-8b3b-7f17a41179af,13,1731061680433100370,1731061680573198370,140,51.733514847730845,3.9241295361469573,3298.628717129705,6970.5070085334555
08c2a95b-79d5-4379-928f-172bdbe70563,8deee3c8-ac61-43a0-8b3b-7f17a41179af,14,1731061680793067370,1731061680921050370,128,124.94736741725937,9.443276172317525,2755.9665785770553,5936.004778648069
08c2a95b-79d5-4379-928f-172bdbe70563,8deee3c8-ac61-43a0-8b3b-7f17a41179af,15,1731061681261076370,1731061681493052370,232,224.960427668035,16.965255733785106,3221.808537781131,8242.326599908973
08c2a95b-79d5-4379-928f-172bdbe70563,8deee3c8-ac61-43a0-8b3b-7f17a41179af,16,1731061681737073370,1731061681765160370,28,21.917136755409068,1.6553574925568102,912.9314826909606,922.688325228348
08c2a95b-79d5-4379-928f-172bdbe70563,8deee3c8-ac61-43a0-8b3b-7f17a41179af,17,1731061681929061370,1731061682029065370,100,18.94670788614705,1.439428935908351,2752.6666359762976,6342.970749265627
08c2a95b-79d5-4379-928f-172bdbe70563,8deee3c8-ac61-43a0-8b3b-7f17a41179af,18,1731061682237099370,1731061682285082370,48,106.26795508444305,8.027383569116408,2397.5124384733854,3577.098214202869
08c2a95b-79d5-4379-928f-172bdbe70563,8deee3c8-ac61-43a0-8b3b-7f17a41179af,19,1731061682525065370,1731061682681098370,156,75.38680041205313,5.694632604841836,2972.60366437777,5134.780604602049
08c2a95b-79d5-4379-928f-172bdbe70563,8deee3c8-ac61-43a0-8b3b-7f17a41179af,20,1731061683073082370,1731061683093077370,20,21.900677688925008,1.654596100825887,1182.552700845999,1292.1802436444643
08c2a95b-79d5-4379-928f-172bdbe70563,8deee3c8-ac61-43a0-8b3b-7f17a41179af,21,1731061683281151370,1731061683401168370,120,20.16327771714621,1.5239486622930511,1961.1660427636143,3946.817032679658
08c2a95b-79d5-4379-928f-172bdbe70563,8deee3c8-ac61-43a0-8b3b-7f17a41179af,22,1731061685033060370,1731061685061087370,28,30.663378999348954,2.318953912979573,1185.1648593463249,1400.7115884141601
08c2a95b-79d5-4379-928f-172bdbe70563,8deee3c8-ac61-43a0-8b3b-7f17a41179af,23,1731061685313074370,1731061685341095370,28,33.927020762163835,2.5613986545533334,1197.214584155626,1418.399840210968
08c2a95b-79d5-4379-928f-172bdbe70563,8deee3c8-ac61-43a0-8b3b-7f17a41179af,24,1731061685509082370,1731061685545058370,36,60.71526348233066,4.580799127206385,1858.274101218066,2428.1182891394933
08c2a95b-79d5-4379-928f-172bdbe70563,8deee3c8-ac61-43a0-8b3b-7f17a41179af,25,1731061686189069370,1731061686225089370,36,80.57609696732592,6.080633322976207,2339.2875423998307,3128.7037992799233
08c2a95b-79d5-4379-928f-172bdbe70563,8deee3c8-ac61-43a0-8b3b-7f17a41179af,26,1731061686525068370,1731061686561074370,36,61.23730667900552,4.6300392191537965,1809.0372619695952,2247.817717885944
08c2a95b-79d5-4379-928f-172bdbe70563,8deee3c8-ac61-43a0-8b3b-7f17a41179af,27,1731061686681207370,1731061686821059370,140,42.2633780055322,3.1940992320682877,2122.775159399715,5253.735092821682
08c2a95b-79d5-4379-928f-172bdbe70563,8deee3c8-ac61-43a0-8b3b-7f17a41179af,28,1731061687609088370,1731061687649088370,40,60.984550707627285,4.610755818799367,1674.1789389103808,2198.3675678574987
08c2a95b-79d5-4379-928f-172bdbe70563,8deee3c8-ac61-43a0-8b3b-7f17a41179af,29,1731061688433067370,1731061688601086370,168,67.78886171501698,5.1247995139379325,2086.9297146455974,4126.816580813137
08c2a95b-79d5-4379-928f-172bdbe70563,8deee3c8-ac61-43a0-8b3b-7f17a41179af,30,1731061689385082370,1731061689413107370,28,41.235401619065705,3.117469777710776,1420.1686311604337,1699.9617052956335
08c2a95b-79d5-4379-928f-172bdbe70563,8deee3c8-ac61-43a0-8b3b-7f17a41179af,31,1731061690093126370,1731061690121210370,28,30.681833235484888,2.3182684008597763,1409.3063183653242,1924.311217760409
08c2a95b-79d5-4379-928f-172bdbe70563,8deee3c8-ac61-43a0-8b3b-7f17a41179af,32,1731061690201075370,1731061690225075370,24,29.93894976199679,2.262324576636725,1258.7648527022588,1593.2425071919997
08c2a95b-79d5-4379-928f-172bdbe70563,8deee3c8-ac61-43a0-8b3b-7f17a41179af,33,1731061690813119370,1731061690841190370,28,29.32993735076295,2.215210304231375,1257.32680032344,1506.1708240526614
08c2a95b-79d5-4379-928f-172bdbe70563,8deee3c8-ac61-43a0-8b3b-7f17a41179af,34,1731061691185142370,1731061691205167370,20,22.182407114260304,1.6774516019120653,1148.8516967983246,1243.1596008549457
08c2a95b-79d5-4379-928f-172bdbe70563,8deee3c8-ac61-43a0-8b3b-7f17a41179af,35,1731061692101105370,1731061692133511370,32,42.79180012185506,3.2303241830476335,1557.0701835971718,1828.355282447969
08c2a95b-79d5-4379-928f-172bdbe70563,8deee3c8-ac61-43a0-8b3b-7f17a41179af,36,1731061692409142370,1731061692441066370,32,48.00461789324987,3.6250537481815286,1799.400256802531,2128.301012366996
08c2a95b-79d5-4379-928f-172bdbe70563,8deee3c8-ac61-43a0-8b3b-7f17a41179af,37,1731061692781140370,1731061692813097370,32,78.88540993551487,5.956141134830294,2400.687567197097,3190.0821677449885
08c2a95b-79d5-4379-928f-172bdbe70563,8deee3c8-ac61-43a0-8b3b-7f17a41179af,38,1731061693513226370,1731061693617063370,104,24.714216901156394,1.8658915257689215,2463.6382060115275,3767.438226700133
08c2a95b-79d5-4379-928f-172bdbe70563,8deee3c8-ac61-43a0-8b3b-7f17a41179af,39,1731061694525052370,1731061694561066370,36,42.06046643816746,3.177590996646224,1277.650296045984,1438.9553195458482
08c2a95b-79d5-4379-928f-172bdbe70563,8deee3c8-ac61-43a0-8b3b-7f17a41179af,40,1731061694861076370,1731061694881097370,20,20.31516143105976,1.5357169725702173,1069.9211079804654,1229.6597623602213
08c2a95b-79d5-4379-928f-172bdbe70563,8deee3c8-ac61-43a0-8b3b-7f17a41179af,41,1731061695893220370,1731061695993065370,100,40.7385358015854,3.0758046946638493,1968.5101236540418,3708.1107609548917
08c2a95b-79d5-4379-928f-172bdbe70563,8deee3c8-ac61-43a0-8b3b-7f17a41179af,42,1731061697169081370,1731061697289079370,120,35.4890741187972,2.6839158279871738,2884.0703578357843,5871.7239792273695
08c2a95b-79d5-4379-928f-172bdbe70563,8deee3c8-ac61-43a0-8b3b-7f17a41179af,43,1731061697901083370,1731061698289098370,388,211.5850351371281,15.9680626450712,2418.714617241294,6696.540379193288
08c2a95b-79d5-4379-928f-172bdbe70563,8deee3c8-ac61-43a0-8b3b-7f17a41179af,44,1731061698545264370,1731061698889040370,344,177.3358508511114,13.390594660212917,3118.313991201943,10202.63288404908
08c2a95b-79d5-4379-928f-172bdbe70563,8deee3c8-ac61-43a0-8b3b-7f17a41179af,45,1731061699161104370,1731061699181100370,20,23.208169407429782,1.751066551935459,1177.684731628741,1418.4008628356075
08c2a95b-79d5-4379-928f-172bdbe70563,8deee3c8-ac61-43a0-8b3b-7f17a41179af,46,1731061699513119370,1731061699625080370,112,29.979926810997828,2.2650248112059685,2370.611181220772,4512.951292394642
08c2a95b-79d5-4379-928f-172bdbe70563,8deee3c8-ac61-43a0-8b3b-7f17a41179af,47,1731061699993079370,1731061700013040370,20,29.26987942752849,2.207244516036105,1332.2243531653453,1547.926105956916
08c2a95b-79d5-4379-928f-172bdbe70563,8deee3c8-ac61-43a0-8b3b-7f17a41179af,48,1731061700301224370,1731061700341157370,40,54.93496104484642,4.145512334974489,1661.8231781471256,2150.9710908698607
08c2a95b-79d5-4379-928f-172bdbe70563,8deee3c8-ac61-43a0-8b3b-7f17a41179af,49,1731061700709095370,1731061700837185370,128,98.40214675861075,7.433070757861896,2903.77812155999,7184.353855744836
08c2a95b-79d5-4379-928f-172bdbe70563,8deee3c8-ac61-43a0-8b3b-7f17a41179af,50,1731061701653139370,1731061701693057370,40,65.90301110327687,4.976961727173166,1762.091788205537,2321.0187658588275
08c2a95b-79d5-4379-928f-172bdbe70563,8deee3c8-ac61-43a0-8b3b-7f17a41179af,51,1731061702165087370,1731061702341080370,176,244.3467830295717,18.42182371164178,2350.249897282218,6365.523980883795
08c2a95b-79d5-4379-928f-172bdbe70563,8deee3c8-ac61-43a0-8b3b-7f17a41179af,52,1731061702481104370,1731061702529076370,48,105.09638255484789,7.933319559989657,2284.9190339426164,3706.1469909343678
08c2a95b-79d5-4379-928f-172bdbe70563,8deee3c8-ac61-43a0-8b3b-7f17a41179af,53,1731061702801059370,1731061702965103370,164,398.0939007276406,30.06172260561227,4006.294395214771,9436.871237391584
08c2a95b-79d5-4379-928f-172bdbe70563,8deee3c8-ac61-43a0-8b3b-7f17a41179af,54,1731061703853075370,1731061703953088370,100,5.039805294258883,0.3816922471787228,2544.847065593949,4846.812216671606
08c2a95b-79d5-4379-928f-172bdbe70563,8deee3c8-ac61-43a0-8b3b-7f17a41179af,55,1731061704289054370,1731061704321075370,32,52.51797204482785,3.9701141684302668,1585.7596958858628,2131.0212919416404
08c2a95b-79d5-4379-928f-172bdbe70563,8deee3c8-ac61-43a0-8b3b-7f17a41179af,56,1731061704745030370,1731061704849054370,104,89.72406366243875,6.777106634828899,2903.1566199379226,5944.130252865995
08c2a95b-79d5-4379-928f-172bdbe70563,8deee3c8-ac61-43a0-8b3b-7f17a41179af,57,1731061705681180370,1731061705773080370,92,16.698172732430578,1.2619815026448775,3432.6276480806073,6379.833426147369
08c2a95b-79d5-4379-928f-172bdbe70563,8deee3c8-ac61-43a0-8b3b-7f17a41179af,58,1731061706185099370,1731061706609068370,424,408.7455799970773,30.888957928378847,2396.78561409058,6394.302530337463
08c2a95b-79d5-4379-928f-172bdbe70563,8deee3c8-ac61-43a0-8b3b-7f17a41179af,59,1731061706757078370,1731061706781060370,24,31.555375944819584,2.337273376212232,1336.6619545051806,1557.5476857613821
08c2a95b-79d5-4379-928f-172bdbe70563,8deee3c8-ac61-43a0-8b3b-7f17a41179af,60,1731061706981057370,1731061707093064370,112,392.41284982407996,29.629911241407484,3740.632566511038,7124.059836061084
08c2a95b-79d5-4379-928f-172bdbe70563,8deee3c8-ac61-43a0-8b3b-7f17a41179af,61,1731061708765074370,1731061708813121370,48,129.07414891827858,9.76352968429064,2817.7025030053433,4789.691265564357
08c2a95b-79d5-4379-928f-172bdbe70563,8deee3c8-ac61-43a0-8b3b-7f17a41179af,62,1731061709825088370,1731061709865114370,40,96.05158408541804,7.244727670588467,2484.5079167974645,3635.520270175749
08c2a95b-79d5-4379-928f-172bdbe70563,8deee3c8-ac61-43a0-8b3b-7f17a41179af,63,1731061711041069370,1731061711085102370,44,110.33784699955247,8.315392080211236,2588.800137315607,3773.2447534627804
08c2a95b-79d5-4379-928f-172bdbe70563,8deee3c8-ac61-43a0-8b3b-7f17a41179af,64,1731061712169071370,1731061712221066370,52,211.69382968026096,15.963281023764496,3960.295241940909,6282.7270428091115
08c2a95b-79d5-4379-928f-172bdbe70563,8deee3c8-ac61-43a0-8b3b-7f17a41179af,65,1731061713361087370,1731061713401089370,40,96.88284222783027,7.318501897003096,2516.2368059246473,3551.458861630639
08c2a95b-79d5-4379-928f-172bdbe70563,8deee3c8-ac61-43a0-8b3b-7f17a41179af,66,1731061714437086370,1731061714477083370,40,103.38484184920617,7.810370617026416,2671.5724716626437,3951.3433583407545
08c2a95b-79d5-4379-928f-172bdbe70563,8deee3c8-ac61-43a0-8b3b-7f17a41179af,67,1731061715509072370,1731061715581059370,72,198.2029635497215,14.97916027021148,2980.112763385235,5104.403994878912
08c2a95b-79d5-4379-928f-172bdbe70563,8deee3c8-ac61-43a0-8b3b-7f17a41179af,68,1731061716613093370,1731061716653174370,40,83.75108377518762,6.322251388245338,2162.844918212602,2930.9164716303835
08c2a95b-79d5-4379-928f-172bdbe70563,8deee3c8-ac61-43a0-8b3b-7f17a41179af,69,1731061717373086370,1731061717413195370,40,86.26953861258286,6.512732500339018,2245.030381719007,3072.957116190291
08c2a95b-79d5-4379-928f-172bdbe70563,8deee3c8-ac61-43a0-8b3b-7f17a41179af,70,1731061718661107370,1731061718701164370,40,123.57260430900327,9.33574951838394,3197.861231253937,4548.90880854459
08c2a95b-79d5-4379-928f-172bdbe70563,8deee3c8-ac61-43a0-8b3b-7f17a41179af,71,1731061720009075370,1731061720045136370,36,34.77540856057982,2.6266483492219894,996.939677246087,1167.8482743411435
08c2a95b-79d5-4379-928f-172bdbe70563,8deee3c8-ac61-43a0-8b3b-7f17a41179af,72,1731061720493075370,1731061720693238370,200,200.14267608264436,15.123361022952269,1039.5397144873652,1496.4105184512755
08c2a95b-79d5-4379-928f-172bdbe70563,8deee3c8-ac61-43a0-8b3b-7f17a41179af,73,1731061721053073370,1731061721309077370,256,274.4242163537493,20.72925462559454,1115.8487562117693,1758.4061903285901
08c2a95b-79d5-4379-928f-172bdbe70563,8deee3c8-ac61-43a0-8b3b-7f17a41179af,74,1731061721641071370,1731061721925357370,284,265.87615265246126,20.082740415115452,956.5229308799309,1441.74968176062
08c2a95b-79d5-4379-928f-172bdbe70563,8deee3c8-ac61-43a0-8b3b-7f17a41179af,75,1731061722285071370,1731061722373070370,88,85.39902062958316,6.4513739845773905,975.56524391379,1497.3386682447745
08c2a95b-79d5-4379-928f-172bdbe70563,8deee3c8-ac61-43a0-8b3b-7f17a41179af,76,1731061723689072370,1731061723797089370,108,92.32193933186942,6.978682073073098,884.7741868100161,1111.2248705483314
08c2a95b-79d5-4379-928f-172bdbe70563,8deee3c8-ac61-43a0-8b3b-7f17a41179af,77,1731061724197211370,1731061724237092370,40,37.71019774061711,2.8509545767326956,1019.7686125165592,1154.7433384822664
08c2a95b-79d5-4379-928f-172bdbe70563,8deee3c8-ac61-43a0-8b3b-7f17a41179af,78,1731061724741046370,1731061724765105370,24,25.324775201215147,1.914202718296278,1056.1747523985784,1128.4831621022465
08c2a95b-79d5-4379-928f-172bdbe70563,8deee3c8-ac61-43a0-8b3b-7f17a41179af,79,1731061725329108370,1731061725349058370,20,20.23258824385359,1.5297572787920863,1105.6363897501103,1205.7085432486936
08c2a95b-79d5-4379-928f-172bdbe70563,8deee3c8-ac61-43a0-8b3b-7f17a41179af,80,1731061725897078370,1731061725965078370,68,70.08740963433591,5.296997095565227,1020.3366174147467,1196.44668234451
08c2a95b-79d5-4379-928f-172bdbe70563,8deee3c8-ac61-43a0-8b3b-7f17a41179af,81,1731061726573077370,1731061726721082370,148,27.57141331716733,2.0846293564303195,2663.9968887619784,4431.375673750238
08c2a95b-79d5-4379-928f-172bdbe70563,8deee3c8-ac61-43a0-8b3b-7f17a41179af,82,1731061732921125370,1731061732965132370,44,146.0647068936411,11.028200867041903,3292.466426496453,4804.278121525178
08c2a95b-79d5-4379-928f-172bdbe70563,8deee3c8-ac61-43a0-8b3b-7f17a41179af,83,1731061733109413370,1731061733149065370,40,127.1659410241364,9.603311601268876,3248.460404833376,4518.167324385007
08c2a95b-79d5-4379-928f-172bdbe70563,8deee3c8-ac61-43a0-8b3b-7f17a41179af,84,1731061734101052370,1731061734145113370,44,98.74351826122906,7.460011922794975,2277.531157608959,3378.6414534566125
08c2a95b-79d5-4379-928f-172bdbe70563,8deee3c8-ac61-43a0-8b3b-7f17a41179af,85,1731061734301065370,1731061734341052370,40,101.92134463991364,7.701923853317763,2663.7794562859563,3662.5273107255402
08c2a95b-79d5-4379-928f-172bdbe70563,8deee3c8-ac61-43a0-8b3b-7f17a41179af,86,1731061735317096370,1731061735365069370,48,153.5419566079313,11.592941633641285,3566.22635463528,5132.859736893597
08c2a95b-79d5-4379-928f-172bdbe70563,8deee3c8-ac61-43a0-8b3b-7f17a41179af,87,1731061735529065370,1731061735573092370,44,130.3702615670079,9.843269766942905,2988.485156402601,4512.158680727309
08c2a95b-79d5-4379-928f-172bdbe70563,8deee3c8-ac61-43a0-8b3b-7f17a41179af,88,1731061736145133370,1731061736465097370,320,253.07134541755477,19.09299654718268,2650.408661841625,8303.61416974352
08c2a95b-79d5-4379-928f-172bdbe70563,8deee3c8-ac61-43a0-8b3b-7f17a41179af,89,1731061737653062370,1731061738013137370,360,166.37483225401485,12.565005017620772,2460.07448346712,6104.26603992292
08c2a95b-79d5-4379-928f-172bdbe70563,8deee3c8-ac61-43a0-8b3b-7f17a41179af,90,1731061738981086370,1731061739305047370,324,291.9039521701982,22.028871061853007,3603.1899769341708,10562.355068708623
08c2a95b-79d5-4379-928f-172bdbe70563,8deee3c8-ac61-43a0-8b3b-7f17a41179af,91,1731061740309231370,1731061740681181370,372,210.36988683469048,15.884343168432729,2251.817400821636,6719.654568876074
08c2a95b-79d5-4379-928f-172bdbe70563,8deee3c8-ac61-43a0-8b3b-7f17a41179af,92,1731061741593048370,1731061741873059370,280,268.5195510266788,20.258843914487745,2804.493140033071,7326.595144642818
08c2a95b-79d5-4379-928f-172bdbe70563,8deee3c8-ac61-43a0-8b3b-7f17a41179af,93,1731061742241086370,1731061742533061370,292,214.9929836208997,16.228579487553258,2596.9483060812654,7883.540537703735
08c2a95b-79d5-4379-928f-172bdbe70563,8deee3c8-ac61-43a0-8b3b-7f17a41179af,94,1731061742629079370,1731061742861084370,232,312.821676459651,23.602217729603467,3311.585888947806,8608.761376882358
08c2a95b-79d5-4379-928f-172bdbe70563,8deee3c8-ac61-43a0-8b3b-7f17a41179af,95,1731061743117081370,1731061743393088370,276,353.1191530117131,26.645765596739956,2807.871864854165,7396.214825647208
08c2a95b-79d5-4379-928f-172bdbe70563,8deee3c8-ac61-43a0-8b3b-7f17a41179af,96,1731061744121439370,1731061744401074370,280,272.1515094931495,20.522578426080898,3080.5251324666583,8885.244576738807
08c2a95b-79d5-4379-928f-172bdbe70563,8deee3c8-ac61-43a0-8b3b-7f17a41179af,97,1731061744805208370,1731061745089117370,284,295.3414982741386,22.284413059415193,2832.045543179032,7704.624822716283
08c2a95b-79d5-4379-928f-172bdbe70563,8deee3c8-ac61-43a0-8b3b-7f17a41179af,98,1731061748897077370,1731061749133099370,236,394.55089115470105,29.757285759738775,3286.1261559669038,6601.735212250832
08c2a95b-79d5-4379-928f-172bdbe70563,8deee3c8-ac61-43a0-8b3b-7f17a41179af,99,1731061749261110370,1731061749505304370,244,385.9708728000506,29.065395316710006,3012.1849958754665,7710.072321222895
08c2a95b-79d5-4379-928f-172bdbe70563,8deee3c8-ac61-43a0-8b3b-7f17a41179af,100,1731061750129058370,1731061750169244370,40,83.17863154963331,6.284598133710432,2170.863141703218,3028.475824583672
08c2a95b-79d5-4379-928f-172bdbe70563,8deee3c8-ac61-43a0-8b3b-7f17a41179af,101,1731061750393113370,1731061750433242370,40,99.11382005589786,7.487845639996389,2636.383821590052,3511.1210345235354
08c2a95b-79d5-4379-928f-172bdbe70563,8deee3c8-ac61-43a0-8b3b-7f17a41179af,102,1731061750585052370,1731061750633188370,48,133.9925604485563,10.118019973654791,2771.7840136540876,4156.555966970735
08c2a95b-79d5-4379-928f-172bdbe70563,8deee3c8-ac61-43a0-8b3b-7f17a41179af,103,1731061750849093370,1731061750897075370,48,176.8512339794472,13.370033151466604,3620.810994065009,5771.290425749672
08c2a95b-79d5-4379-928f-172bdbe70563,8deee3c8-ac61-43a0-8b3b-7f17a41179af,104,1731061751077191370,1731061751133115370,56,197.86823129047565,14.949434043008765,3690.9621506759286,6005.653949431261
08c2a95b-79d5-4379-928f-172bdbe70563,8deee3c8-ac61-43a0-8b3b-7f17a41179af,105,1731061751441058370,1731061751489066370,48,151.23186820411036,11.418013070645202,3225.9495940926404,5054.011519559317
08c2a95b-79d5-4379-928f-172bdbe70563,8deee3c8-ac61-43a0-8b3b-7f17a41179af,106,1731061751865107370,1731061751905095370,40,87.96634630015878,6.633722909976204,2318.3358514026704,3172.39695599566
08c2a95b-79d5-4379-928f-172bdbe70563,8deee3c8-ac61-43a0-8b3b-7f17a41179af,107,1731061752049100370,1731061752105085370,56,160.49539461170295,12.110999613525012,3001.772870830855,4929.3812580340655
08c2a95b-79d5-4379-928f-172bdbe70563,8deee3c8-ac61-43a0-8b3b-7f17a41179af,108,1731061752425078370,1731061752461082370,36,56.107452191057654,4.237013877176534,1684.4524446241521,2281.4842244523325
08c2a95b-79d5-4379-928f-172bdbe70563,8deee3c8-ac61-43a0-8b3b-7f17a41179af,109,1731061752785068370,1731061752841074370,56,97.50293119084391,7.371928971575076,1897.8372885740457,2807.0988628707514
08c2a95b-79d5-4379-928f-172bdbe70563,8deee3c8-ac61-43a0-8b3b-7f17a41179af,110,1731061752985187370,1731061753033114370,48,178.03602193888528,13.335857084200935,3702.343134798751,5635.064771028926
08c2a95b-79d5-4379-928f-172bdbe70563,8deee3c8-ac61-43a0-8b3b-7f17a41179af,111,1731061753213691370,1731061753261218370,48,128.51062447055526,9.702217106245097,2953.443478509188,4478.183416062879
08c2a95b-79d5-4379-928f-172bdbe70563,8deee3c8-ac61-43a0-8b3b-7f17a41179af,112,1731061753521042370,1731061753561065370,40,124.30412258059546,9.380321379278943,3204.1198170112484,4400.435645961271
08c2a95b-79d5-4379-928f-172bdbe70563,8deee3c8-ac61-43a0-8b3b-7f17a41179af,113,1731061754069228370,1731061754109058370,40,98.5550473132929,7.431724995472793,2537.17408715767,3725.7808449339364
08c2a95b-79d5-4379-928f-172bdbe70563,8deee3c8-ac61-43a0-8b3b-7f17a41179af,114,1731061754221097370,1731061754273095370,52,197.24793462739197,14.88619938981232,3716.573683438674,6159.961752760778
08c2a95b-79d5-4379-928f-172bdbe70563,8deee3c8-ac61-43a0-8b3b-7f17a41179af,115,1731061754525201370,1731061754573057370,48,148.74290678791905,11.2376452620466,3141.6204282417666,4849.340123188722
08c2a95b-79d5-4379-928f-172bdbe70563,8deee3c8-ac61-43a0-8b3b-7f17a41179af,116,1731061754765199370,1731061754805059370,40,65.06159771619092,4.902493716169281,1819.3627921101006,2296.1270315594716
08c2a95b-79d5-4379-928f-172bdbe70563,8deee3c8-ac61-43a0-8b3b-7f17a41179af,117,1731061754925066370,1731061754993098370,68,310.0190112478929,23.352752709632142,4491.250493643043,6988.014313172976
08c2a95b-79d5-4379-928f-172bdbe70563,8deee3c8-ac61-43a0-8b3b-7f17a41179af,118,1731061755325062370,1731061755361065370,36,65.65620082052563,4.962326000386433,1935.7608035901799,2584.7318716320246
08c2a95b-79d5-4379-928f-172bdbe70563,8deee3c8-ac61-43a0-8b3b-7f17a41179af,119,1731061755641072370,1731061755685082370,44,131.27133074867191,9.901453348922669,3037.6916984037616,4579.638080191168
08c2a95b-79d5-4379-928f-172bdbe70563,8deee3c8-ac61-43a0-8b3b-7f17a41179af,120,1731061755829095370,1731061756141065370,312,44.03801776554061,3.327360441575765,2610.694497176734,5960.1829209285615
08c2a95b-79d5-4379-928f-172bdbe70563,8deee3c8-ac61-43a0-8b3b-7f17a41179af,121,1731061757421082370,1731061757733072370,312,273.63463065518846,20.661380353755693,2319.006368307436,6278.2353062732955
08c2a95b-79d5-4379-928f-172bdbe70563,8deee3c8-ac61-43a0-8b3b-7f17a41179af,122,1731061758257071370,1731061758293069370,36,66.59267200425897,5.027320830549735,2063.5397224070844,2800.632828526627
08c2a95b-79d5-4379-928f-172bdbe70563,8deee3c8-ac61-43a0-8b3b-7f17a41179af,123,1731061758545164370,1731061758593123370,48,132.01256035855923,9.971178236000362,2766.087898646033,4515.669846331267
08c2a95b-79d5-4379-928f-172bdbe70563,8deee3c8-ac61-43a0-8b3b-7f17a41179af,124,1731061758885042370,1731061758917077370,32,52.84931454739055,3.9931330879258016,1640.8918379254578,2096.082073419168
08c2a95b-79d5-4379-928f-172bdbe70563,8deee3c8-ac61-43a0-8b3b-7f17a41179af,125,1731061759481037370,1731061759513105370,32,47.421551163575245,3.5846528162986875,1430.3735500041653,1756.6682251548389
08c2a95b-79d5-4379-928f-172bdbe70563,8deee3c8-ac61-43a0-8b3b-7f17a41179af,126,1731061759701039370,1731061759745367370,44,121.60306002023874,9.184228247890504,2796.7548197380693,4352.941425347535
08c2a95b-79d5-4379-928f-172bdbe70563,8deee3c8-ac61-43a0-8b3b-7f17a41179af,127,1731061760161092370,1731061760209101370,48,171.26139339597808,12.929766296116313,3579.72704213147,5536.839473787091
08c2a95b-79d5-4379-928f-172bdbe70563,8deee3c8-ac61-43a0-8b3b-7f17a41179af,128,1731061760361072370,1731061760633071370,272,219.2769565465051,16.538157249754402,2981.8489722936483,6294.9247278730845
08c2a95b-79d5-4379-928f-172bdbe70563,8deee3c8-ac61-43a0-8b3b-7f17a41179af,129,1731061761233075370,1731061761601050370,368,260.0890604682116,19.637205972605457,2246.5249121078155,6716.186151521023
08c2a95b-79d5-4379-928f-172bdbe70563,8deee3c8-ac61-43a0-8b3b-7f17a41179af,130,1731061762133099370,1731061762165054370,32,52.76651748394065,3.9843045671367374,1819.3360215766406,2195.8693390668636
08c2a95b-79d5-4379-928f-172bdbe70563,8deee3c8-ac61-43a0-8b3b-7f17a41179af,131,1731061762409103370,1731061762453051370,44,140.48316508801298,10.615371107307382,3331.574904776299,4852.327069808208
08c2a95b-79d5-4379-928f-172bdbe70563,8deee3c8-ac61-43a0-8b3b-7f17a41179af,132,1731061762609153370,1731061762657072370,48,181.65708692648374,13.720734041573651,3759.7686211855644,5543.234930208105
08c2a95b-79d5-4379-928f-172bdbe70563,8deee3c8-ac61-43a0-8b3b-7f17a41179af,133,1731061762853147370,1731061762909053370,56,198.00050568794953,14.939219733224345,3777.309421366785,6009.394893126761
08c2a95b-79d5-4379-928f-172bdbe70563,8deee3c8-ac61-43a0-8b3b-7f17a41179af,134,1731061763105351370,1731061763145109370,40,84.36200781562718,6.3621553808602584,2149.9445657072647,3066.0608987081114
08c2a95b-79d5-4379-928f-172bdbe70563,8deee3c8-ac61-43a0-8b3b-7f17a41179af,135,1731061763785320370,1731061763821055370,36,72.87149854140524,5.504032092903531,2288.1984707422494,3118.028094941573
08c2a95b-79d5-4379-928f-172bdbe70563,8deee3c8-ac61-43a0-8b3b-7f17a41179af,136,1731061764005137370,1731061764049062370,44,158.19463955626523,11.943457935648572,3603.0540353325746,5115.346134913088
08c2a95b-79d5-4379-928f-172bdbe70563,8deee3c8-ac61-43a0-8b3b-7f17a41179af,137,1731061764249087370,1731061764421098370,172,153.33152973122787,11.584905972876046,1363.4101010094828,4703.3792773928035
08c2a95b-79d5-4379-928f-172bdbe70563,8deee3c8-ac61-43a0-8b3b-7f17a41179af,138,1731061764633071370,1731061764665178370,32,59.938374296353174,4.527540849549324,2044.786303518061,2756.5538393133297
08c2a95b-79d5-4379-928f-172bdbe70563,8deee3c8-ac61-43a0-8b3b-7f17a41179af,139,1731061764993256370,1731061765133050370,140,23.610214103897004,1.7855300313109768,2067.409217353538,4762.588245275809
08c2a95b-79d5-4379-928f-172bdbe70563,8deee3c8-ac61-43a0-8b3b-7f17a41179af,140,1731061769705112370,1731061769957082370,252,396.7264702851005,29.924194474842537,3393.520347629137,7156.111509692149
08c2a95b-79d5-4379-928f-172bdbe70563,8deee3c8-ac61-43a0-8b3b-7f17a41179af,141,1731061770585123370,1731061770901068370,316,329.6218699262446,24.8747892672144,2353.4968905424566,8597.33749466261
08c2a95b-79d5-4379-928f-172bdbe70563,8deee3c8-ac61-43a0-8b3b-7f17a41179af,142,1731061771389072370,1731061771421069370,32,50.62796003360455,3.822525333805793,1860.6424648196298,2415.789514025355
08c2a95b-79d5-4379-928f-172bdbe70563,8deee3c8-ac61-43a0-8b3b-7f17a41179af,143,1731061771577067370,1731061771621204370,44,136.5636930158733,10.308911203934807,3133.700712966485,4880.669440334772
08c2a95b-79d5-4379-928f-172bdbe70563,8deee3c8-ac61-43a0-8b3b-7f17a41179af,144,1731061771861074370,1731061771917068370,56,98.48064404854125,7.416236316291833,2056.127717961451,2931.484665571492
08c2a95b-79d5-4379-928f-172bdbe70563,8deee3c8-ac61-43a0-8b3b-7f17a41179af,145,1731061772065095370,1731061772121048370,56,214.48284336939764,16.19651684020235,4083.4288598197304,6507.896160899517
08c2a95b-79d5-4379-928f-172bdbe70563,8deee3c8-ac61-43a0-8b3b-7f17a41179af,146,1731061772373209370,1731061772425262370,52,120.16384495602897,9.067222605569153,2486.011742615038,3860.6675488340807
08c2a95b-79d5-4379-928f-172bdbe70563,8deee3c8-ac61-43a0-8b3b-7f17a41179af,147,1731061772673067370,1731061772721208370,48,119.43615051104946,9.006789730718278,2434.0427559016607,3811.952277295202
08c2a95b-79d5-4379-928f-172bdbe70563,8deee3c8-ac61-43a0-8b3b-7f17a41179af,148,1731061772901067370,1731061772961063370,60,93.02093476848752,6.928031465278187,2031.5913886712694,2987.607024144896
08c2a95b-79d5-4379-928f-172bdbe70563,8deee3c8-ac61-43a0-8b3b-7f17a41179af,149,1731061773141185370,1731061773193027370,52,173.7257575307829,13.001059034002061,3542.1552579177855,5835.550547760401
08c2a95b-79d5-4379-928f-172bdbe70563,8deee3c8-ac61-43a0-8b3b-7f17a41179af,150,1731061773401070370,1731061773453083370,52,181.66015852030267,13.729364221392805,3392.984894535504,4883.562423798797
08c2a95b-79d5-4379-928f-172bdbe70563,8deee3c8-ac61-43a0-8b3b-7f17a41179af,151,1731061773809509370,1731061773849120370,40,64.48211893256773,4.874590868902974,1723.31021524617,2271.159668885548
08c2a95b-79d5-4379-928f-172bdbe70563,8deee3c8-ac61-43a0-8b3b-7f17a41179af,152,1731061774429077370,1731061774469315370,40,100.5961182234442,7.593083404401794,2753.743181236181,3965.6242491792755
08c2a95b-79d5-4379-928f-172bdbe70563,8deee3c8-ac61-43a0-8b3b-7f17a41179af,153,1731061774805076370,1731061774841102370,36,54.80965499053675,4.1436728432195915,1583.1817569428727,1937.515888624057
08c2a95b-79d5-4379-928f-172bdbe70563,8deee3c8-ac61-43a0-8b3b-7f17a41179af,154,1731061775089078370,1731061775129090370,40,140.64448454329622,10.624736361525962,3709.4990727190943,5159.353735232551
08c2a95b-79d5-4379-928f-172bdbe70563,8deee3c8-ac61-43a0-8b3b-7f17a41179af,155,1731061775345087370,1731061775409062370,64,195.00646014599755,14.689903681489284,3028.4059016538545,4813.531476730418
08c2a95b-79d5-4379-928f-172bdbe70563,8deee3c8-ac61-43a0-8b3b-7f17a41179af,156,1731061775609104370,1731061775649065370,40,90.1726781882475,6.816070071453564,2378.306999892917,3162.0296798137733
08c2a95b-79d5-4379-928f-172bdbe70563,8deee3c8-ac61-43a0-8b3b-7f17a41179af,157,1731061775901072370,1731061775945233370,44,105.64653886984469,7.986217610324374,2464.209232381169,3613.577900368381
08c2a95b-79d5-4379-928f-172bdbe70563,8deee3c8-ac61-43a0-8b3b-7f17a41179af,158,1731061776141234370,1731061776193065370,52,167.2123564237788,12.614877529990181,3495.673850092198,5680.903710729081
08c2a95b-79d5-4379-928f-172bdbe70563,8deee3c8-ac61-43a0-8b3b-7f17a41179af,159,1731061776513077370,1731061776573040370,60,227.37413403146286,17.117491924895575,3851.367555617608,6188.133956334102
08c2a95b-79d5-4379-928f-172bdbe70563,8deee3c8-ac61-43a0-8b3b-7f17a41179af,160,1731061776753063370,1731061776809053370,56,190.19830594853704,14.307315548370916,3507.144668211296,5667.476253738674
08c2a95b-79d5-4379-928f-172bdbe70563,8deee3c8-ac61-43a0-8b3b-7f17a41179af,161,1731061777121066370,1731061777141101370,20,35.68540269454762,2.670545325688542,1534.3400978216537,1762.140198669667
08c2a95b-79d5-4379-928f-172bdbe70563,8deee3c8-ac61-43a0-8b3b-7f17a41179af,162,1731061777317140370,1731061777353155370,36,66.44643501992081,4.951038119815583,2095.84163761725,2754.5444841107637
08c2a95b-79d5-4379-928f-172bdbe70563,8deee3c8-ac61-43a0-8b3b-7f17a41179af,163,1731061777733055370,1731061777793057370,60,221.78023571439277,16.69628346968394,3863.7751900609014,6377.8409681997555
08c2a95b-79d5-4379-928f-172bdbe70563,8deee3c8-ac61-43a0-8b3b-7f17a41179af,164,1731061777925131370,1731061777973059370,48,116.30631041057872,8.788626154655187,2463.8936732073175,3542.2007450142937
08c2a95b-79d5-4379-928f-172bdbe70563,8deee3c8-ac61-43a0-8b3b-7f17a41179af,165,1731061778365054370,1731061778809085370,444,253.1906177028676,19.100320550304236,2331.4829512076712,8120.16680989233
08c2a95b-79d5-4379-928f-172bdbe70563,8deee3c8-ac61-43a0-8b3b-7f17a41179af,166,1731061779217086370,1731061779245162370,28,63.57930271855045,4.803382304005748,2302.0295963935105,2900.2615807899697
08c2a95b-79d5-4379-928f-172bdbe70563,8deee3c8-ac61-43a0-8b3b-7f17a41179af,167,1731061779425070370,1731061779461110370,36,59.40169466412012,4.487716495585457,1742.4108622417461,2367.712070655309
08c2a95b-79d5-4379-928f-172bdbe70563,8deee3c8-ac61-43a0-8b3b-7f17a41179af,168,1731061779905182370,1731061779933055370,28,33.66676352903988,2.5441185821489696,1232.5561700667124,1490.9231695065769
08c2a95b-79d5-4379-928f-172bdbe70563,8deee3c8-ac61-43a0-8b3b-7f17a41179af,169,1731061780293059370,1731061780641138370,348,186.37823095009514,14.07746113806155,2375.5365433489333,6115.92714457996
08c2a95b-79d5-4379-928f-172bdbe70563,8deee3c8-ac61-43a0-8b3b-7f17a41179af,170,1731061780761100370,1731061780801083370,40,122.55944001272297,9.256647891356245,3199.890417649927,4575.849677870655
08c2a95b-79d5-4379-928f-172bdbe70563,8deee3c8-ac61-43a0-8b3b-7f17a41179af,171,1731061781021105370,1731061781061084370,40,86.04682610442377,6.501117087362718,2307.836151661253,3203.9514493206298
08c2a95b-79d5-4379-928f-172bdbe70563,8deee3c8-ac61-43a0-8b3b-7f17a41179af,172,1731061781309059370,1731061781337150370,28,41.518532763399726,3.135672441191748,1508.3762053640367,1901.4902573482143
08c2a95b-79d5-4379-928f-172bdbe70563,8deee3c8-ac61-43a0-8b3b-7f17a41179af,173,1731061781773131370,1731061781813094370,40,87.05746029983725,6.572999571325656,2324.934121991188,3207.5665675726373
08c2a95b-79d5-4379-928f-172bdbe70563,8deee3c8-ac61-43a0-8b3b-7f17a41179af,174,1731061782393077370,1731061782445088370,52,135.87501391519686,10.261234190506794,2812.370955140027,4510.272998680673
08c2a95b-79d5-4379-928f-172bdbe70563,8deee3c8-ac61-43a0-8b3b-7f17a41179af,175,1731061784801260370,1731061784829057370,28,31.57940986190799,2.386902088228396,1398.6067449416664,1653.4788939190094
08c2a95b-79d5-4379-928f-172bdbe70563,8deee3c8-ac61-43a0-8b3b-7f17a41179af,176,1731061785009060370,1731061785049042370,40,90.59520093644394,6.848915550751822,2468.016840315404,3366.7126607788286
08c2a95b-79d5-4379-928f-172bdbe70563,8deee3c8-ac61-43a0-8b3b-7f17a41179af,177,1731061785697125370,1731061786133086370,436,79.8382237267089,6.033717740753633,2368.0639953966656,6695.5705527213395
08c2a95b-79d5-4379-928f-172bdbe70563,8deee3c8-ac61-43a0-8b3b-7f17a41179af,178,1731061786381047370,1731061786401079370,20,21.959358515453243,1.6583425569340686,1150.353084622437,1240.2167345191526
08c2a95b-79d5-4379-928f-172bdbe70563,8deee3c8-ac61-43a0-8b3b-7f17a41179af,179,1731061788549032370,1731061788573102370,24,32.29362906134653,2.437784369021554,1325.143203370383,1524.8496779915754
08c2a95b-79d5-4379-928f-172bdbe70563,8deee3c8-ac61-43a0-8b3b-7f17a41179af,180,1731061789153062370,1731061789193070370,40,97.59404763624298,7.368375560348426,2509.306716678846,3507.987454239578
08c2a95b-79d5-4379-928f-172bdbe70563,8deee3c8-ac61-43a0-8b3b-7f17a41179af,181,1731061789585168370,1731061789949210370,364,140.73818697450915,10.63267588477503,2175.849471717553,5576.294114707274
08c2a95b-79d5-4379-928f-172bdbe70563,8deee3c8-ac61-43a0-8b3b-7f17a41179af,182,1731061790033145370,1731061790061072370,28,28.359995465471854,2.1445888473052204,1200.191897936625,1273.0192196751887
08c2a95b-79d5-4379-928f-172bdbe70563,8deee3c8-ac61-43a0-8b3b-7f17a41179af,183,1731061790209085370,1731061790469054370,260,334.4501612030326,25.291338988238707,2723.0434972190706,6303.4052998212765
08c2a95b-79d5-4379-928f-172bdbe70563,8deee3c8-ac61-43a0-8b3b-7f17a41179af,184,1731061791989078370,1731061792013113370,24,36.30477827321293,2.6506813131277718,1597.892012642164,1845.33827856152
08c2a95b-79d5-4379-928f-172bdbe70563,8deee3c8-ac61-43a0-8b3b-7f17a41179af,185,1731061792353135370,1731061792381214370,28,35.41844286246019,2.6568224627321495,1337.071997937297,1435.929651600816
08c2a95b-79d5-4379-928f-172bdbe70563,8deee3c8-ac61-43a0-8b3b-7f17a41179af,186,1731061792853107370,1731061793045167370,192,74.75244104946013,5.652788613495598,2758.8420264203655,6059.380870978975
08c2a95b-79d5-4379-928f-172bdbe70563,8deee3c8-ac61-43a0-8b3b-7f17a41179af,187,1731061793213108370,1731061793253076370,40,86.4874904313757,6.447447479313706,2260.225994281792,3065.359846869957
08c2a95b-79d5-4379-928f-172bdbe70563,8deee3c8-ac61-43a0-8b3b-7f17a41179af,188,1731061793645836370,1731061793677604370,32,53.3981790613163,3.9173982101805875,1559.2337031295951,2138.0786567134846
08c2a95b-79d5-4379-928f-172bdbe70563,8deee3c8-ac61-43a0-8b3b-7f17a41179af,189,1731061793993980370,1731061794025663370,32,38.938141054889826,2.870276349428339,1405.9677874473919,1867.672440350687
08c2a95b-79d5-4379-928f-172bdbe70563,8deee3c8-ac61-43a0-8b3b-7f17a41179af,190,1731061794635684370,1731061794669681370,34,72.13701169939466,5.436157550633854,2235.8291586184578,2820.437990790265
08c2a95b-79d5-4379-928f-172bdbe70563,8deee3c8-ac61-43a0-8b3b-7f17a41179af,191,1731061794866041370,1731061794909607370,44,73.21011073694898,5.544533451924521,1960.0353983985754,2794.732652878401
08c2a95b-79d5-4379-928f-172bdbe70563,8deee3c8-ac61-43a0-8b3b-7f17a41179af,192,1731061795237594370,1731061795277658370,40,47.51237303238039,3.596679194731037,1362.847719613112,1859.7033887395894
08c2a95b-79d5-4379-928f-172bdbe70563,8deee3c8-ac61-43a0-8b3b-7f17a41179af,193,1731061795506153370,1731061795565632370,59,118.56973863981858,8.95935214781762,2084.342002890268,3404.6426144295274
